ID,Name,Age,Photo,Nationality,Flag,Overall,Potential,Club,Club Logo,Value,Wage,Special,Preferred Foot,International Reputation,Weak Foot,Skill Moves,Work Rate,Body Type,Real Face,Position,Jersey Number,Joined,Loaned From,Contract Valid Until,Height,Weight,Crossing,Finishing,HeadingAccuracy,ShortPassing,Volleys,Dribbling,Curve,FKAccuracy,LongPassing,BallControl,Acceleration,SprintSpeed,Agility,Reactions,Balance,ShotPower,Jumping,Stamina,Strength,LongShots,Aggression,Interceptions,Positioning,Vision,Penalties,Composure,StandingTackle,SlidingTackle,GKDiving,GKHandling,GKKicking,GKPositioning,GKReflexes,Best Position,Best Overall Rating,Release Clause,DefensiveAwareness
192985,K. De Bruyne,30,https://cdn.sofifa.com/players/192/985/22_60.png,Belgium,https://cdn.sofifa.com/flags/be.png,91,91,Manchester City,https://cdn.sofifa.com/teams/10/30.png,125.5,€350K,2304,Right,4.0,5.0,4.0,High/ High,Unique,Yes,"<span class=""pos pos13"">RCM",17.0,"Aug 30, 2015",,2025,181cm,70kg,94.0,82.0,55.0,94.0,82.0,88.0,85.0,83.0,93.0,91.0,76.0,76.0,79.0,91.0,78.0,91.0,63.0,89.0,74.0,91.0,76.0,66.0,88.0,94.0,83.0,89.0,65.0,53.0,15.0,13.0,5.0,10.0,13.0,CM,91.0,€232.2M,68.0
177003,L. Modrić,35,https://cdn.sofifa.com/players/177/003/22_60.png,Croatia,https://cdn.sofifa.com/flags/hr.png,87,87,Real Madrid CF,https://cdn.sofifa.com/teams/243/30.png,32.0,€190K,2253,Right,4.0,4.0,4.0,Medium/ Medium,Lean (170-185),Yes,"<span class=""pos pos13"">RCM",10.0,"Aug 1, 2012",,2022,172cm,66kg,86.0,72.0,55.0,91.0,76.0,85.0,85.0,78.0,89.0,90.0,76.0,70.0,91.0,88.0,92.0,79.0,67.0,83.0,58.0,82.0,62.0,80.0,78.0,90.0,82.0,92.0,75.0,71.0,13.0,9.0,7.0,14.0,9.0,CM,87.0,€65.6M,70.0
197445,D. Alaba,29,https://cdn.sofifa.com/players/197/445/22_60.png,Austria,https://cdn.sofifa.com/flags/at.png,84,84,Real Madrid CF,https://cdn.sofifa.com/teams/243/30.png,35.5,€195K,2247,Left,4.0,4.0,3.0,Medium/ Medium,Normal (170-185),Yes,"<span class=""pos pos7"">LB",4.0,"Jul 1, 2021",,2026,180cm,78kg,80.0,60.0,74.0,85.0,67.0,77.0,77.0,85.0,80.0,84.0,78.0,77.0,76.0,88.0,77.0,82.0,81.0,75.0,76.0,78.0,74.0,85.0,73.0,78.0,79.0,85.0,83.0,82.0,5.0,7.0,14.0,15.0,9.0,CB,84.0,€72.8M,86.0
210514,João Cancelo,27,https://cdn.sofifa.com/players/210/514/22_60.png,Portugal,https://cdn.sofifa.com/flags/pt.png,86,87,Manchester City,https://cdn.sofifa.com/teams/10/30.png,71.5,€185K,2227,Right,3.0,4.0,4.0,High/ Medium,Unique,Yes,"<span class=""pos pos7"">LB",27.0,"Aug 7, 2019",,2025,182cm,74kg,86.0,68.0,72.0,85.0,62.0,85.0,84.0,69.0,78.0,85.0,86.0,84.0,80.0,85.0,78.0,80.0,72.0,90.0,62.0,75.0,73.0,80.0,80.0,83.0,46.0,85.0,82.0,80.0,6.0,9.0,15.0,14.0,14.0,RB,86.0,€137.6M,79.0
231281,T. Alexander-Arnold,22,https://cdn.sofifa.com/players/231/281/22_60.png,England,https://cdn.sofifa.com/flags/gb-eng.png,87,92,Liverpool,https://cdn.sofifa.com/teams/9/30.png,114.0,€150K,2227,Right,3.0,4.0,3.0,High/ Medium,Unique,Yes,"<span class=""pos pos3"">RB",66.0,"Oct 7, 2015",,2025,180cm,69kg,92.0,60.0,69.0,86.0,62.0,78.0,87.0,85.0,90.0,86.0,77.0,80.0,73.0,82.0,73.0,82.0,66.0,88.0,63.0,75.0,74.0,82.0,77.0,87.0,55.0,81.0,83.0,79.0,14.0,15.0,14.0,6.0,7.0,RB,87.0,€219.5M,80.0
200145,Casemiro,29,https://cdn.sofifa.com/players/200/145/22_60.png,Brazil,https://cdn.sofifa.com/flags/br.png,89,89,Real Madrid CF,https://cdn.sofifa.com/teams/243/30.png,88.0,€310K,2219,Right,3.0,3.0,2.0,High/ High,Unique,Yes,"<span class=""pos pos10"">CDM",14.0,"Jul 11, 2013",,2025,185cm,84kg,58.0,64.0,79.0,84.0,62.0,69.0,62.0,74.0,84.0,79.0,60.0,69.0,61.0,87.0,66.0,88.0,87.0,89.0,90.0,81.0,91.0,87.0,75.0,80.0,66.0,84.0,88.0,87.0,13.0,14.0,16.0,12.0,12.0,CDM,89.0,€180.4M,85.0
209331,M. Salah,29,https://cdn.sofifa.com/players/209/331/22_60.png,Egypt,https://cdn.sofifa.com/flags/eg.png,89,89,Liverpool,https://cdn.sofifa.com/teams/9/30.png,101.0,€270K,2211,Left,4.0,3.0,4.0,High/ Medium,Unique,Yes,"<span class=""pos pos23"">RW",11.0,"Jul 1, 2017",,2023,175cm,71kg,79.0,91.0,59.0,84.0,81.0,90.0,83.0,69.0,75.0,89.0,89.0,91.0,91.0,92.0,91.0,82.0,69.0,85.0,75.0,84.0,63.0,55.0,91.0,83.0,86.0,90.0,43.0,41.0,14.0,14.0,9.0,11.0,14.0,RW,89.0,€186.9M,38.0
189509,Thiago,30,https://cdn.sofifa.com/players/189/509/22_60.png,Spain,https://cdn.sofifa.com/flags/es.png,86,86,Liverpool,https://cdn.sofifa.com/teams/9/30.png,65.0,€180K,2199,Right,3.0,3.0,5.0,Medium/ Medium,Normal (170-185),Yes,"<span class=""pos pos15"">LCM",6.0,"Sep 18, 2020",,2024,174cm,70kg,78.0,68.0,54.0,90.0,82.0,90.0,85.0,77.0,89.0,92.0,72.0,55.0,91.0,84.0,90.0,75.0,80.0,74.0,59.0,73.0,72.0,82.0,75.0,85.0,75.0,88.0,71.0,68.0,6.0,11.0,7.0,9.0,13.0,CM,86.0,€120.3M,67.0
183711,J. Henderson,31,https://cdn.sofifa.com/players/183/711/22_60.png,England,https://cdn.sofifa.com/flags/gb-eng.png,84,84,Liverpool,https://cdn.sofifa.com/teams/9/30.png,29.5,€140K,2198,Right,3.0,3.0,3.0,High/ High,Normal (170-185),Yes,"<span class=""pos pos13"">RCM",14.0,"Jun 9, 2011",,2025,182cm,80kg,82.0,73.0,65.0,85.0,71.0,78.0,80.0,74.0,87.0,83.0,67.0,66.0,69.0,85.0,68.0,77.0,78.0,86.0,78.0,75.0,83.0,81.0,78.0,80.0,64.0,82.0,81.0,76.0,7.0,13.0,7.0,9.0,13.0,CDM,84.0,€54.6M,79.0
186942,I. Gündoğan,30,https://cdn.sofifa.com/players/186/942/22_60.png,Germany,https://cdn.sofifa.com/flags/de.png,85,85,Manchester City,https://cdn.sofifa.com/teams/10/30.png,51.5,€185K,2198,Right,3.0,4.0,4.0,High/ Medium,Normal (170-185),Yes,"<span class=""pos pos15"">LCM",8.0,"Jul 1, 2016",,2023,180cm,80kg,78.0,80.0,50.0,88.0,75.0,86.0,86.0,80.0,85.0,89.0,66.0,65.0,77.0,86.0,77.0,79.0,61.0,74.0,73.0,81.0,70.0,78.0,82.0,86.0,80.0,87.0,75.0,67.0,11.0,14.0,5.0,5.0,13.0,CM,85.0,€95.3M,76.0
188377,K. Walker,31,https://cdn.sofifa.com/players/188/377/22_60.png,England,https://cdn.sofifa.com/flags/gb-eng.png,85,85,Manchester City,https://cdn.sofifa.com/teams/10/30.png,39.0,€170K,2194,Right,3.0,2.0,3.0,High/ High,Unique,Yes,"<span class=""pos pos3"">RB",2.0,"Jul 14, 2017",,2024,183cm,83kg,77.0,51.0,74.0,79.0,57.0,79.0,76.0,71.0,77.0,81.0,89.0,94.0,66.0,85.0,69.0,86.0,83.0,86.0,80.0,69.0,84.0,80.0,68.0,69.0,63.0,75.0,84.0,83.0,12.0,6.0,16.0,15.0,8.0,RB,85.0,€72.2M,77.0
208722,S. Mané,29,https://cdn.sofifa.com/players/208/722/22_60.png,Senegal,https://cdn.sofifa.com/flags/sn.png,89,89,Liverpool,https://cdn.sofifa.com/teams/9/30.png,101.0,€270K,2192,Right,4.0,4.0,4.0,High/ Medium,Unique,Yes,"<span class=""pos pos27"">LW",10.0,"Jul 1, 2016",,2023,175cm,69kg,78.0,86.0,84.0,84.0,75.0,90.0,77.0,64.0,71.0,88.0,93.0,90.0,93.0,91.0,88.0,83.0,87.0,85.0,72.0,80.0,75.0,35.0,90.0,84.0,71.0,84.0,42.0,38.0,10.0,10.0,15.0,7.0,14.0,LW,89.0,€186.9M,42.0
201942,Roberto Firmino,29,https://cdn.sofifa.com/players/201/942/22_60.png,Brazil,https://cdn.sofifa.com/flags/br.png,85,85,Liverpool,https://cdn.sofifa.com/teams/9/30.png,54.0,€185K,2180,Right,3.0,4.0,5.0,High/ High,Unique,Yes,"<span class=""pos pos21"">CF",9.0,"Jul 6, 2015",,2023,181cm,76kg,73.0,78.0,78.0,84.0,83.0,89.0,81.0,65.0,76.0,90.0,77.0,77.0,85.0,86.0,86.0,79.0,81.0,87.0,74.0,76.0,75.0,58.0,82.0,83.0,72.0,88.0,64.0,42.0,8.0,11.0,9.0,6.0,10.0,CF,85.0,€99.9M,55.0
173731,G. Bale,31,https://cdn.sofifa.com/players/173/731/22_60.png,Wales,https://cdn.sofifa.com/flags/gb-wls.png,82,82,Real Madrid CF,https://cdn.sofifa.com/teams/243/30.png,25.0,€170K,2177,Left,4.0,3.0,4.0,Medium/ Medium,Unique,Yes,"<span class=""pos pos28"">SUB",18.0,"Sep 1, 2013",,2022,185cm,82kg,86.0,82.0,84.0,80.0,85.0,80.0,91.0,87.0,79.0,83.0,80.0,83.0,78.0,78.0,64.0,90.0,84.0,61.0,76.0,87.0,64.0,53.0,82.0,79.0,76.0,85.0,53.0,50.0,15.0,15.0,11.0,5.0,6.0,RM,82.0,€51.3M,50.0
239053,F. Valverde,22,https://cdn.sofifa.com/players/239/053/22_60.png,Uruguay,https://cdn.sofifa.com/flags/uy.png,83,89,Real Madrid CF,https://cdn.sofifa.com/teams/243/30.png,58.0,€160K,2175,Right,1.0,4.0,3.0,High/ High,Unique,Yes,"<span class=""pos pos28"">SUB",15.0,"Jul 22, 2016",,2027,182cm,78kg,66.0,69.0,59.0,85.0,70.0,79.0,70.0,66.0,84.0,82.0,82.0,90.0,76.0,84.0,68.0,80.0,62.0,86.0,79.0,81.0,81.0,81.0,76.0,80.0,59.0,82.0,80.0,76.0,6.0,10.0,6.0,15.0,8.0,CM,84.0,€130.5M,79.0
209499,Fabinho,27,https://cdn.sofifa.com/players/209/499/22_60.png,Brazil,https://cdn.sofifa.com/flags/br.png,86,88,Liverpool,https://cdn.sofifa.com/teams/9/30.png,73.5,€165K,2163,Right,3.0,2.0,3.0,Medium/ High,Unique,Yes,"<span class=""pos pos10"">CDM",3.0,"Jul 1, 2018",,2026,188cm,78kg,75.0,63.0,75.0,84.0,47.0,78.0,71.0,53.0,82.0,81.0,65.0,68.0,64.0,86.0,64.0,81.0,75.0,88.0,81.0,70.0,85.0,87.0,70.0,75.0,90.0,84.0,87.0,85.0,13.0,12.0,6.0,8.0,8.0,CDM,86.0,€141.5M,86.0
216267,A. Robertson,27,https://cdn.sofifa.com/players/216/267/22_60.png,Scotland,https://cdn.sofifa.com/flags/gb-sct.png,87,88,Liverpool,https://cdn.sofifa.com/teams/9/30.png,83.5,€175K,2163,Left,3.0,2.0,3.0,High/ High,Unique,Yes,"<span class=""pos pos7"">LB",26.0,"Jul 21, 2017",,2026,178cm,64kg,88.0,55.0,67.0,82.0,32.0,81.0,82.0,71.0,76.0,83.0,83.0,85.0,78.0,85.0,74.0,76.0,62.0,95.0,65.0,65.0,85.0,83.0,77.0,80.0,55.0,83.0,84.0,81.0,11.0,8.0,10.0,7.0,14.0,LB,87.0,€160.7M,83.0
176676,Marcelo,33,https://cdn.sofifa.com/players/176/676/22_60.png,Brazil,https://cdn.sofifa.com/flags/br.png,80,80,Real Madrid CF,https://cdn.sofifa.com/teams/243/30.png,11.0,€135K,2157,Left,4.0,4.0,5.0,High/ Low,Unique,Yes,"<span class=""pos pos28"">SUB",12.0,"Jan 1, 2007",,2022,174cm,75kg,84.0,71.0,72.0,80.0,63.0,89.0,84.0,67.0,77.0,91.0,74.0,73.0,80.0,77.0,78.0,81.0,74.0,67.0,70.0,70.0,77.0,79.0,80.0,78.0,59.0,79.0,77.0,78.0,12.0,5.0,5.0,5.0,9.0,CAM,81.0,€22.6M,71.0
182521,T. Kroos,31,https://cdn.sofifa.com/players/182/521/22_60.png,Germany,https://cdn.sofifa.com/flags/de.png,88,88,Real Madrid CF,https://cdn.sofifa.com/teams/243/30.png,75.0,€310K,2148,Right,4.0,5.0,3.0,Medium/ Medium,Normal (170-185),Yes,"<span class=""pos pos15"">LCM",8.0,"Jul 17, 2014",,2023,183cm,76kg,88.0,77.0,58.0,93.0,82.0,80.0,86.0,84.0,93.0,88.0,55.0,52.0,63.0,90.0,71.0,89.0,32.0,75.0,72.0,86.0,60.0,80.0,76.0,90.0,73.0,88.0,73.0,60.0,10.0,11.0,13.0,7.0,10.0,CM,88.0,€153.8M,71.0
228618,F. Mendy,26,https://cdn.sofifa.com/players/228/618/22_60.png,France,https://cdn.sofifa.com/flags/fr.png,83,86,Real Madrid CF,https://cdn.sofifa.com/teams/243/30.png,43.5,€170K,2148,Left,1.0,5.0,4.0,High/ High,Unique,Yes,"<span class=""pos pos28"">SUB",23.0,"Jul 1, 2019",,2025,180cm,73kg,78.0,63.0,72.0,80.0,50.0,80.0,72.0,35.0,78.0,78.0,91.0,92.0,81.0,82.0,78.0,69.0,79.0,89.0,83.0,64.0,82.0,79.0,80.0,75.0,49.0,78.0,81.0,80.0,7.0,16.0,9.0,10.0,9.0,LWB,84.0,€92.4M,77.0
224458,Diogo Jota,24,https://cdn.sofifa.com/players/224/458/22_60.png,Portugal,https://cdn.sofifa.com/flags/pt.png,82,87,Liverpool,https://cdn.sofifa.com/teams/9/30.png,46.0,€120K,2148,Right,2.0,5.0,4.0,High/ High,Normal (170-185),Yes,"<span class=""pos pos28"">SUB",20.0,"Sep 19, 2020",,2025,178cm,73kg,71.0,84.0,77.0,75.0,78.0,85.0,77.0,58.0,71.0,85.0,88.0,81.0,87.0,84.0,86.0,84.0,76.0,81.0,71.0,75.0,85.0,56.0,85.0,75.0,63.0,83.0,57.0,45.0,7.0,12.0,15.0,9.0,11.0,ST,84.0,€88.6M,54.0
227813,O. Zinchenko,24,https://cdn.sofifa.com/players/227/813/22_60.png,Ukraine,https://cdn.sofifa.com/flags/ua.png,80,85,Manchester City,https://cdn.sofifa.com/teams/10/30.png,29.5,€95K,2146,Left,2.0,3.0,3.0,High/ Medium,Lean (170-185),Yes,"<span class=""pos pos28"">SUB",11.0,"Jul 4, 2016",,2024,175cm,64kg,82.0,58.0,70.0,82.0,61.0,80.0,81.0,76.0,78.0,82.0,75.0,71.0,78.0,78.0,78.0,77.0,72.0,76.0,63.0,71.0,74.0,77.0,75.0,78.0,59.0,80.0,79.0,76.0,15.0,11.0,13.0,11.0,11.0,LB,80.0,€56.8M,78.0
138412,J. Milner,35,https://cdn.sofifa.com/players/138/412/22_60.png,England,https://cdn.sofifa.com/flags/gb-eng.png,79,79,Liverpool,https://cdn.sofifa.com/teams/9/30.png,7.0,€76K,2141,Right,2.0,4.0,3.0,Medium/ High,Stocky (170-185),Yes,"<span class=""pos pos28"">SUB",7.0,"Jul 1, 2015",,2022,175cm,70kg,85.0,62.0,65.0,82.0,76.0,76.0,81.0,75.0,80.0,81.0,60.0,52.0,68.0,84.0,72.0,82.0,62.0,77.0,70.0,70.0,86.0,78.0,71.0,77.0,89.0,84.0,80.0,78.0,12.0,9.0,10.0,8.0,6.0,CDM,80.0,€13M,77.0
135507,Fernandinho,36,https://cdn.sofifa.com/players/135/507/22_60.png,Brazil,https://cdn.sofifa.com/flags/br.png,83,83,Manchester City,https://cdn.sofifa.com/teams/10/30.png,7.0,€100K,2138,Right,3.0,4.0,3.0,Medium/ High,Lean (170-185),Yes,"<span class=""pos pos28"">SUB",25.0,"Jul 1, 2013",,2022,179cm,67kg,68.0,66.0,71.0,83.0,70.0,76.0,68.0,71.0,81.0,81.0,67.0,52.0,69.0,86.0,77.0,83.0,84.0,66.0,75.0,76.0,86.0,85.0,70.0,66.0,61.0,81.0,85.0,80.0,12.0,11.0,5.0,13.0,7.0,CDM,83.0,€13M,87.0
208618,Lucas Vázquez,30,https://cdn.sofifa.com/players/208/618/22_60.png,Spain,https://cdn.sofifa.com/flags/es.png,81,81,Real Madrid CF,https://cdn.sofifa.com/teams/243/30.png,25.0,€170K,2136,Right,2.0,4.0,4.0,High/ Medium,Normal (170-185),Yes,"<span class=""pos pos28"">SUB",17.0,"Jul 2, 2015",,2024,173cm,70kg,83.0,72.0,58.0,79.0,58.0,81.0,83.0,71.0,76.0,79.0,83.0,82.0,81.0,81.0,81.0,80.0,69.0,91.0,57.0,76.0,72.0,72.0,80.0,79.0,56.0,75.0,69.0,66.0,9.0,16.0,9.0,9.0,7.0,RW,81.0,€51.3M,71.0
218667,Bernardo Silva,26,https://cdn.sofifa.com/players/218/667/22_60.png,Portugal,https://cdn.sofifa.com/flags/pt.png,86,86,Manchester City,https://cdn.sofifa.com/teams/10/30.png,74.0,€200K,2128,Left,2.0,3.0,4.0,High/ High,Lean (170-185),Yes,"<span class=""pos pos28"">SUB",20.0,"Jul 1, 2017",,2025,173cm,64kg,85.0,77.0,51.0,86.0,70.0,92.0,84.0,67.0,76.0,90.0,83.0,77.0,94.0,84.0,92.0,76.0,51.0,93.0,54.0,76.0,70.0,54.0,83.0,84.0,68.0,87.0,63.0,45.0,9.0,10.0,14.0,12.0,9.0,CAM,86.0,€136.9M,49.0
204963,Carvajal,29,https://cdn.sofifa.com/players/204/963/22_60.png,Spain,https://cdn.sofifa.com/flags/es.png,85,85,Real Madrid CF,https://cdn.sofifa.com/teams/243/30.png,47.5,€210K,2124,Right,3.0,3.0,3.0,High/ Medium,Unique,Yes,"<span class=""pos pos3"">RB",2.0,"Jul 5, 2013",,2025,173cm,73kg,82.0,51.0,72.0,83.0,49.0,78.0,76.0,47.0,74.0,83.0,79.0,80.0,79.0,83.0,81.0,68.0,77.0,89.0,74.0,47.0,84.0,81.0,75.0,74.0,45.0,81.0,82.0,84.0,13.0,13.0,15.0,9.0,15.0,RB,85.0,€97.4M,82.0
198784,A. Oxlade-Chamberlain,27,https://cdn.sofifa.com/players/198/784/22_60.png,England,https://cdn.sofifa.com/flags/gb-eng.png,79,79,Liverpool,https://cdn.sofifa.com/teams/9/30.png,18.5,€100K,2122,Right,2.0,4.0,4.0,High/ High,Normal (170-185),Yes,"<span class=""pos pos28"">SUB",15.0,"Aug 31, 2017",,2023,175cm,70kg,78.0,70.0,39.0,80.0,60.0,83.0,73.0,60.0,75.0,83.0,82.0,81.0,79.0,78.0,87.0,83.0,69.0,80.0,70.0,78.0,77.0,73.0,79.0,79.0,69.0,77.0,72.0,68.0,16.0,9.0,6.0,9.0,9.0,CAM,80.0,€34.2M,68.0
165153,K. Benzema,33,https://cdn.sofifa.com/players/165/153/22_60.png,France,https://cdn.sofifa.com/flags/fr.png,89,89,Real Madrid CF,https://cdn.sofifa.com/teams/243/30.png,66.0,€350K,2116,Right,4.0,4.0,4.0,Medium/ Medium,Normal (170-185),Yes,"<span class=""pos pos21"">CF",9.0,"Jul 9, 2009",,2023,185cm,81kg,75.0,90.0,89.0,86.0,86.0,87.0,81.0,73.0,73.0,90.0,77.0,75.0,79.0,91.0,72.0,85.0,79.0,78.0,82.0,79.0,63.0,39.0,90.0,87.0,84.0,90.0,24.0,18.0,13.0,11.0,5.0,5.0,7.0,CF,89.0,€135.3M,43.0
202652,R. Sterling,26,https://cdn.sofifa.com/players/202/652/22_60.png,England,https://cdn.sofifa.com/flags/gb-eng.png,88,89,Manchester City,https://cdn.sofifa.com/teams/10/30.png,107.5,€290K,2113,Right,4.0,3.0,4.0,High/ Medium,Unique,Yes,"<span class=""pos pos28"">SUB",7.0,"Jul 14, 2015",,2023,170cm,69kg,79.0,85.0,46.0,83.0,67.0,87.0,79.0,72.0,69.0,86.0,95.0,88.0,94.0,90.0,93.0,78.0,57.0,79.0,64.0,83.0,59.0,30.0,91.0,82.0,67.0,78.0,53.0,47.0,15.0,12.0,12.0,15.0,9.0,LW,88.0,€206.9M,47.0
203376,V. van Dijk,29,https://cdn.sofifa.com/players/203/376/22_60.png,Netherlands,https://cdn.sofifa.com/flags/nl.png,89,89,Liverpool,https://cdn.sofifa.com/teams/9/30.png,86.0,€230K,2104,Right,4.0,3.0,2.0,Medium/ Medium,Unique,Yes,"<span class=""pos pos6"">LCB",4.0,"Jan 1, 2018",,2025,193cm,92kg,53.0,52.0,87.0,79.0,45.0,70.0,60.0,70.0,86.0,76.0,66.0,88.0,61.0,87.0,53.0,81.0,90.0,69.0,92.0,64.0,83.0,90.0,47.0,65.0,62.0,90.0,92.0,86.0,13.0,10.0,13.0,11.0,11.0,CB,89.0,€159.1M,92.0
231866,Rodri,25,https://cdn.sofifa.com/players/231/866/22_60.png,Spain,https://cdn.sofifa.com/flags/es.png,86,89,Manchester City,https://cdn.sofifa.com/teams/10/30.png,81.0,€175K,2098,Right,3.0,4.0,3.0,Medium/ High,Normal (185+),Yes,"<span class=""pos pos10"">CDM",16.0,"Jul 4, 2019",,2024,191cm,82kg,63.0,64.0,78.0,85.0,59.0,78.0,65.0,54.0,83.0,82.0,60.0,62.0,65.0,80.0,65.0,83.0,72.0,87.0,82.0,76.0,76.0,83.0,75.0,81.0,46.0,83.0,84.0,78.0,10.0,10.0,7.0,14.0,8.0,CDM,86.0,€155.9M,83.0
248243,E. Camavinga,18,https://cdn.sofifa.com/players/248/243/22_60.png,France,https://cdn.sofifa.com/flags/fr.png,78,89,Real Madrid CF,https://cdn.sofifa.com/teams/243/30.png,29.5,€44K,2089,Left,3.0,3.0,4.0,High/ High,Lean (170-185),Yes,"<span class=""pos pos28"">SUB",25.0,"Sep 1, 2021",,2027,182cm,68kg,70.0,62.0,64.0,81.0,59.0,80.0,72.0,59.0,77.0,81.0,73.0,71.0,80.0,78.0,76.0,72.0,70.0,80.0,76.0,64.0,77.0,76.0,73.0,77.0,62.0,81.0,78.0,76.0,12.0,6.0,8.0,12.0,12.0,CM,81.0,€66.4M,75.0
220971,N. Keïta,26,https://cdn.sofifa.com/players/220/971/22_60.png,Guinea,https://cdn.sofifa.com/flags/gn.png,80,83,Liverpool,https://cdn.sofifa.com/teams/9/30.png,27.5,€110K,2064,Right,2.0,4.0,4.0,Medium/ Medium,Lean (170-185),Yes,"<span class=""pos pos28"">SUB",8.0,"Jul 1, 2018",,2023,172cm,64kg,62.0,74.0,42.0,83.0,71.0,85.0,64.0,70.0,75.0,86.0,77.0,65.0,88.0,80.0,90.0,76.0,52.0,73.0,59.0,73.0,78.0,76.0,74.0,80.0,58.0,81.0,64.0,62.0,7.0,14.0,15.0,14.0,9.0,CAM,82.0,€52.9M,68.0
230666,Gabriel Jesus,24,https://cdn.sofifa.com/players/230/666/22_60.png,Brazil,https://cdn.sofifa.com/flags/br.png,83,87,Manchester City,https://cdn.sofifa.com/teams/10/30.png,52.5,€150K,2062,Right,2.0,3.0,4.0,High/ Medium,Unique,Yes,"<span class=""pos pos28"">SUB",9.0,"Aug 3, 2016",,2023,175cm,73kg,66.0,84.0,77.0,77.0,77.0,86.0,76.0,54.0,66.0,86.0,87.0,82.0,91.0,86.0,87.0,82.0,79.0,79.0,69.0,76.0,73.0,32.0,87.0,77.0,75.0,79.0,30.0,28.0,13.0,8.0,6.0,6.0,15.0,ST,85.0,€101.1M,45.0
197781,Isco,29,https://cdn.sofifa.com/players/197/781/22_60.png,Spain,https://cdn.sofifa.com/flags/es.png,82,82,Real Madrid CF,https://cdn.sofifa.com/teams/243/30.png,30.0,€175K,2060,Right,3.0,3.0,4.0,Medium/ Low,Normal (170-185),Yes,"<span class=""pos pos28"">SUB",22.0,"Jul 3, 2013",,2022,176cm,79kg,78.0,76.0,55.0,81.0,67.0,91.0,88.0,76.0,80.0,90.0,70.0,62.0,81.0,75.0,90.0,69.0,60.0,59.0,59.0,78.0,58.0,61.0,77.0,81.0,74.0,83.0,64.0,51.0,10.0,8.0,12.0,15.0,6.0,CAM,82.0,€61.5M,58.0
237692,P. Foden,21,https://cdn.sofifa.com/players/237/692/22_60.png,England,https://cdn.sofifa.com/flags/gb-eng.png,84,92,Manchester City,https://cdn.sofifa.com/teams/10/30.png,94.5,€125K,2060,Left,3.0,3.0,4.0,High/ Medium,Normal (170-185),Yes,"<span class=""pos pos28"">SUB",47.0,"Jul 1, 2016",,2024,171cm,69kg,75.0,79.0,47.0,84.0,59.0,86.0,73.0,59.0,78.0,88.0,86.0,82.0,90.0,83.0,91.0,82.0,49.0,79.0,44.0,77.0,64.0,59.0,82.0,84.0,64.0,82.0,59.0,47.0,8.0,15.0,6.0,10.0,13.0,CAM,87.0,€193.7M,58.0
183277,E. Hazard,30,https://cdn.sofifa.com/players/183/277/22_60.png,Belgium,https://cdn.sofifa.com/flags/be.png,85,85,Real Madrid CF,https://cdn.sofifa.com/teams/243/30.png,52.0,€240K,2055,Right,4.0,4.0,4.0,Medium/ Medium,Unique,Yes,"<span class=""pos pos28"">SUB",7.0,"Jul 1, 2019",,2024,175cm,74kg,77.0,78.0,61.0,85.0,82.0,89.0,83.0,79.0,81.0,88.0,86.0,82.0,87.0,79.0,89.0,82.0,55.0,77.0,61.0,77.0,54.0,41.0,83.0,84.0,87.0,89.0,27.0,22.0,11.0,12.0,6.0,8.0,8.0,LW,85.0,€106.6M,34.0
204485,R. Mahrez,30,https://cdn.sofifa.com/players/204/485/22_60.png,Algeria,https://cdn.sofifa.com/flags/dz.png,86,86,Manchester City,https://cdn.sofifa.com/teams/10/30.png,65.5,€220K,2035,Left,3.0,4.0,5.0,Medium/ Medium,Unique,Yes,"<span class=""pos pos23"">RW",26.0,"Jul 10, 2018",,2023,179cm,67kg,81.0,82.0,48.0,83.0,76.0,91.0,85.0,78.0,75.0,91.0,84.0,79.0,92.0,81.0,88.0,80.0,56.0,75.0,57.0,80.0,48.0,39.0,80.0,84.0,70.0,84.0,31.0,22.0,15.0,9.0,13.0,11.0,6.0,RW,86.0,€121.2M,45.0
220834,Marco Asensio,25,https://cdn.sofifa.com/players/220/834/22_60.png,Spain,https://cdn.sofifa.com/flags/es.png,83,86,Real Madrid CF,https://cdn.sofifa.com/teams/243/30.png,48.0,€190K,2032,Left,3.0,3.0,4.0,High/ Medium,Normal (170-185),Yes,"<span class=""pos pos28"">SUB",11.0,"Jul 1, 2015",,2023,182cm,76kg,81.0,77.0,57.0,81.0,79.0,84.0,84.0,76.0,80.0,86.0,83.0,81.0,80.0,78.0,75.0,86.0,58.0,76.0,63.0,83.0,45.0,45.0,80.0,81.0,62.0,82.0,42.0,39.0,13.0,9.0,6.0,12.0,10.0,CAM,85.0,€102M,40.0
206517,J. Grealish,25,https://cdn.sofifa.com/players/206/517/22_60.png,England,https://cdn.sofifa.com/flags/gb-eng.png,84,85,Manchester City,https://cdn.sofifa.com/teams/10/30.png,50.5,€180K,2022,Right,3.0,3.0,4.0,High/ Medium,Unique,Yes,"<span class=""pos pos27"">LW",10.0,"Aug 5, 2021",,2027,180cm,81kg,81.0,77.0,36.0,85.0,72.0,89.0,78.0,74.0,82.0,88.0,81.0,79.0,85.0,79.0,84.0,76.0,36.0,80.0,61.0,80.0,60.0,44.0,81.0,85.0,58.0,88.0,49.0,43.0,11.0,6.0,11.0,10.0,13.0,CAM,85.0,€97.2M,48.0
240130,Éder Militão,23,https://cdn.sofifa.com/players/240/130/22_60.png,Brazil,https://cdn.sofifa.com/flags/br.png,82,89,Real Madrid CF,https://cdn.sofifa.com/teams/243/30.png,56.5,€130K,2018,Right,2.0,3.0,2.0,Medium/ Medium,Lean (170-185),Yes,"<span class=""pos pos4"">RCB",3.0,"Jul 1, 2019",,2025,186cm,78kg,72.0,48.0,81.0,77.0,34.0,70.0,60.0,40.0,70.0,73.0,81.0,84.0,69.0,83.0,63.0,62.0,86.0,85.0,80.0,42.0,82.0,84.0,64.0,59.0,60.0,74.0,83.0,82.0,11.0,8.0,15.0,12.0,15.0,CB,84.0,€127.1M,83.0
222509,Dani Ceballos,24,https://cdn.sofifa.com/players/222/509/22_60.png,Spain,https://cdn.sofifa.com/flags/es.png,77,80,Real Madrid CF,https://cdn.sofifa.com/teams/243/30.png,14.5,€100K,2013,Right,2.0,3.0,4.0,Medium/ Medium,Lean (170-185),Yes,"<span class=""pos pos28"">SUB",19.0,"Jul 14, 2017",,2023,179cm,68kg,74.0,65.0,41.0,80.0,62.0,83.0,77.0,67.0,77.0,83.0,66.0,55.0,79.0,75.0,77.0,76.0,51.0,75.0,61.0,72.0,75.0,71.0,72.0,76.0,55.0,80.0,70.0,69.0,12.0,15.0,16.0,7.0,13.0,CM,79.0,€30.8M,66.0
204884,B. Mendy,26,https://cdn.sofifa.com/players/204/884/22_60.png,France,https://cdn.sofifa.com/flags/fr.png,79,80,Manchester City,https://cdn.sofifa.com/teams/10/30.png,19.0,€105K,2003,Left,2.0,3.0,3.0,High/ Medium,Stocky (185+),Yes,"<span class=""pos pos29"">RES",22.0,"Jul 24, 2017",,2022,185cm,85kg,83.0,39.0,65.0,79.0,38.0,77.0,80.0,44.0,69.0,80.0,71.0,76.0,68.0,77.0,64.0,79.0,71.0,71.0,79.0,65.0,75.0,76.0,73.0,76.0,50.0,74.0,78.0,79.0,7.0,7.0,9.0,15.0,9.0,LB,79.0,€36.6M,74.0
241461,Ferran Torres,21,https://cdn.sofifa.com/players/241/461/22_60.png,Spain,https://cdn.sofifa.com/flags/es.png,82,90,Manchester City,https://cdn.sofifa.com/teams/10/30.png,68.5,€120K,1995,Right,1.0,4.0,4.0,High/ Medium,Lean (170-185),Yes,"<span class=""pos pos25"">ST",21.0,"Aug 4, 2020",,2025,184cm,77kg,77.0,81.0,73.0,80.0,74.0,84.0,71.0,60.0,78.0,81.0,87.0,78.0,82.0,81.0,76.0,79.0,75.0,73.0,70.0,76.0,45.0,34.0,84.0,84.0,66.0,82.0,24.0,28.0,12.0,9.0,11.0,15.0,12.0,CAM,84.0,€140.4M,35.0
208920,N. Aké,26,https://cdn.sofifa.com/players/208/920/22_60.png,Netherlands,https://cdn.sofifa.com/flags/nl.png,78,81,Manchester City,https://cdn.sofifa.com/teams/10/30.png,16.5,€95K,1992,Left,3.0,3.0,2.0,Medium/ High,Normal (170-185),Yes,"<span class=""pos pos28"">SUB",6.0,"Aug 5, 2020",,2025,180cm,75kg,63.0,48.0,76.0,77.0,52.0,67.0,62.0,59.0,73.0,74.0,80.0,73.0,72.0,76.0,68.0,63.0,89.0,74.0,76.0,56.0,72.0,81.0,51.0,66.0,53.0,76.0,81.0,80.0,10.0,7.0,7.0,16.0,10.0,CB,81.0,€31.8M,80.0
232223,K. Tsimikas,25,https://cdn.sofifa.com/players/232/223/22_60.png,Greece,https://cdn.sofifa.com/flags/gr.png,75,79,Liverpool,https://cdn.sofifa.com/teams/9/30.png,7.0,€67K,1978,Left,1.0,3.0,3.0,High/ High,Normal (170-185),Yes,"<span class=""pos pos28"">SUB",21.0,"Aug 10, 2020",,2025,179cm,68kg,78.0,49.0,53.0,69.0,39.0,71.0,73.0,68.0,66.0,72.0,87.0,80.0,78.0,72.0,73.0,69.0,74.0,77.0,71.0,64.0,76.0,68.0,69.0,64.0,54.0,67.0,73.0,71.0,8.0,12.0,8.0,13.0,10.0,LB,75.0,€13.5M,69.0
212218,A. Laporte,27,https://cdn.sofifa.com/players/212/218/22_60.png,Spain,https://cdn.sofifa.com/flags/es.png,86,89,Manchester City,https://cdn.sofifa.com/teams/10/30.png,77.0,€185K,1976,Left,3.0,3.0,2.0,Medium/ Medium,Unique,Yes,"<span class=""pos pos6"">LCB",14.0,"Jan 30, 2018",,2024,191cm,85kg,58.0,45.0,84.0,82.0,40.0,63.0,61.0,69.0,80.0,78.0,59.0,67.0,57.0,87.0,60.0,68.0,80.0,72.0,84.0,47.0,81.0,87.0,54.0,65.0,44.0,84.0,87.0,86.0,10.0,11.0,5.0,14.0,5.0,CB,88.0,€148.2M,86.0
221639,Mariano,27,https://cdn.sofifa.com/players/221/639/22_60.png,Dominican Republic,https://cdn.sofifa.com/flags/do.png,75,75,Real Madrid CF,https://cdn.sofifa.com/teams/243/30.png,6.0,€115K,1970,Right,1.0,4.0,3.0,Medium/ Medium,Normal (170-185),No,"<span class=""pos pos29"">RES",24.0,"Aug 29, 2018",,2023,180cm,76kg,50.0,75.0,79.0,66.0,69.0,71.0,75.0,75.0,51.0,70.0,75.0,76.0,79.0,72.0,70.0,84.0,91.0,75.0,77.0,81.0,83.0,45.0,74.0,63.0,74.0,68.0,40.0,34.0,12.0,14.0,6.0,8.0,15.0,ST,75.0,€12.3M,41.0
203574,J. Stones,27,https://cdn.sofifa.com/players/203/574/22_60.png,England,https://cdn.sofifa.com/flags/gb-eng.png,83,86,Manchester City,https://cdn.sofifa.com/teams/10/30.png,41.0,€140K,1959,Right,2.0,4.0,3.0,High/ Medium,Lean (185+),Yes,"<span class=""pos pos28"">SUB",5.0,"Aug 9, 2016",,2026,188cm,76kg,62.0,52.0,84.0,83.0,44.0,72.0,52.0,37.0,75.0,83.0,67.0,73.0,61.0,82.0,59.0,55.0,83.0,77.0,78.0,44.0,80.0,83.0,52.0,67.0,52.0,80.0,85.0,82.0,7.0,15.0,11.0,10.0,8.0,CB,85.0,€78.9M,84.0
243812,Rodrygo,20,https://cdn.sofifa.com/players/243/812/22_60.png,Brazil,https://cdn.sofifa.com/flags/br.png,79,88,Real Madrid CF,https://cdn.sofifa.com/teams/243/30.png,38.5,€115K,1928,Right,1.0,4.0,4.0,Medium/ Medium,Lean (170-185),Yes,"<span class=""pos pos23"">RW",21.0,"Jul 1, 2019",,2025,174cm,64kg,71.0,80.0,62.0,74.0,67.0,84.0,80.0,73.0,60.0,80.0,88.0,86.0,87.0,76.0,85.0,71.0,73.0,81.0,42.0,71.0,54.0,21.0,82.0,71.0,74.0,82.0,36.0,32.0,9.0,8.0,12.0,8.0,5.0,CAM,80.0,€86.6M,25.0
209749,20 Lucas Silva,26,https://cdn.sofifa.com/players/209/749/20_60.png,Brazil,https://cdn.sofifa.com/flags/br.png,74,77,Real Madrid CF,https://cdn.sofifa.com/teams/243/30.png,6.5,€88K,1919,Right,1.0,3.0,3.0,Medium/ Medium,Normal (170-185),No,"<span class=""pos pos29"">RES",29.0,"Jan 26, 2015",,2020,182cm,80kg,61.0,52.0,64.0,74.0,50.0,71.0,56.0,51.0,72.0,75.0,56.0,61.0,64.0,73.0,62.0,76.0,71.0,75.0,74.0,73.0,72.0,71.0,65.0,71.0,64.0,72.0,74.0,72.0,11.0,7.0,10.0,14.0,7.0,CDM,73.0,€13.8M,70.0
226627,T. Minamino,26,https://cdn.sofifa.com/players/226/627/22_60.png,Japan,https://cdn.sofifa.com/flags/jp.png,75,76,Liverpool,https://cdn.sofifa.com/teams/9/30.png,6.5,€84K,1919,Right,1.0,4.0,3.0,High/ Medium,Lean (170-185),No,"<span class=""pos pos29"">RES",18.0,"Jan 1, 2020",,2024,174cm,67kg,66.0,75.0,50.0,71.0,70.0,81.0,73.0,69.0,63.0,78.0,83.0,75.0,89.0,71.0,86.0,71.0,76.0,76.0,55.0,73.0,61.0,49.0,70.0,70.0,72.0,79.0,30.0,26.0,9.0,12.0,8.0,15.0,14.0,RW,75.0,€12.5M,32.0
238794,Vinícius Jr.,20,https://cdn.sofifa.com/players/238/794/22_60.png,Brazil,https://cdn.sofifa.com/flags/br.png,80,90,Real Madrid CF,https://cdn.sofifa.com/teams/243/30.png,46.5,€120K,1919,Right,2.0,4.0,5.0,High/ Medium,Lean (170-185),Yes,"<span class=""pos pos27"">LW",20.0,"Jul 12, 2018",,2025,176cm,73kg,71.0,69.0,50.0,72.0,70.0,89.0,77.0,62.0,67.0,85.0,95.0,95.0,94.0,75.0,81.0,73.0,75.0,80.0,62.0,68.0,58.0,26.0,76.0,73.0,65.0,75.0,25.0,18.0,5.0,7.0,7.0,7.0,10.0,RM,82.0,€104.6M,32.0
232432,L. Jović,23,https://cdn.sofifa.com/players/232/432/22_60.png,Serbia,https://cdn.sofifa.com/flags/rs.png,79,84,Real Madrid CF,https://cdn.sofifa.com/teams/243/30.png,27.0,€130K,1912,Right,1.0,5.0,3.0,Medium/ Medium,Stocky (170-185),Yes,"<span class=""pos pos28"">SUB",16.0,"Jul 1, 2019",,2024,182cm,85kg,67.0,82.0,79.0,72.0,83.0,78.0,77.0,46.0,61.0,80.0,74.0,76.0,76.0,80.0,77.0,82.0,76.0,75.0,78.0,75.0,62.0,23.0,81.0,70.0,66.0,78.0,26.0,16.0,8.0,7.0,12.0,9.0,13.0,ST,81.0,€57.4M,25.0
242434,C. Jones,20,https://cdn.sofifa.com/players/242/434/22_60.png,England,https://cdn.sofifa.com/flags/gb-eng.png,73,85,Liverpool,https://cdn.sofifa.com/teams/9/30.png,7.5,€49K,1906,Right,1.0,4.0,4.0,High/ Medium,Lean (185+),Yes,"<span class=""pos pos28"">SUB",17.0,"Feb 1, 2018",,2025,185cm,75kg,63.0,63.0,50.0,75.0,55.0,77.0,66.0,47.0,72.0,78.0,69.0,66.0,74.0,71.0,70.0,71.0,57.0,81.0,66.0,68.0,70.0,65.0,67.0,73.0,60.0,77.0,66.0,58.0,6.0,13.0,7.0,11.0,7.0,CAM,75.0,€15.4M,64.0
239818,Rúben Dias,24,https://cdn.sofifa.com/players/239/818/22_60.png,Portugal,https://cdn.sofifa.com/flags/pt.png,87,91,Manchester City,https://cdn.sofifa.com/teams/10/30.png,102.5,€170K,1886,Right,3.0,4.0,2.0,Medium/ High,Normal (185+),Yes,"<span class=""pos pos4"">RCB",3.0,"Sep 29, 2020",,2027,187cm,82kg,54.0,29.0,87.0,81.0,32.0,64.0,46.0,48.0,74.0,74.0,57.0,65.0,59.0,87.0,56.0,74.0,78.0,88.0,88.0,22.0,92.0,85.0,39.0,51.0,45.0,81.0,89.0,85.0,7.0,8.0,13.0,7.0,12.0,CB,89.0,€197.3M,90.0
200724,Nacho Fernández,31,https://cdn.sofifa.com/players/200/724/22_60.png,Spain,https://cdn.sofifa.com/flags/es.png,81,81,Real Madrid CF,https://cdn.sofifa.com/teams/243/30.png,17.5,€140K,1878,Right,2.0,4.0,2.0,Low/ High,Normal (170-185),Yes,"<span class=""pos pos6"">LCB",6.0,"Aug 1, 2010",,2023,180cm,76kg,70.0,32.0,79.0,78.0,38.0,64.0,55.0,37.0,61.0,76.0,71.0,84.0,65.0,78.0,74.0,54.0,83.0,81.0,79.0,28.0,79.0,82.0,37.0,53.0,45.0,75.0,83.0,81.0,12.0,7.0,10.0,15.0,7.0,CB,81.0,€35.9M,80.0
197061,J. Matip,29,https://cdn.sofifa.com/players/197/061/22_60.png,Cameroon,https://cdn.sofifa.com/flags/cm.png,83,83,Liverpool,https://cdn.sofifa.com/teams/9/30.png,30.5,€130K,1870,Right,2.0,2.0,2.0,Medium/ Medium,Lean (185+),Yes,"<span class=""pos pos4"">RCB",32.0,"Jul 1, 2016",,2024,194cm,90kg,54.0,36.0,84.0,77.0,50.0,69.0,63.0,22.0,74.0,72.0,50.0,65.0,51.0,84.0,42.0,66.0,75.0,69.0,81.0,48.0,84.0,86.0,48.0,72.0,42.0,80.0,86.0,81.0,11.0,15.0,10.0,7.0,10.0,CB,83.0,€56.4M,86.0
213135,D. Origi,26,https://cdn.sofifa.com/players/213/135/22_60.png,Belgium,https://cdn.sofifa.com/flags/be.png,76,79,Liverpool,https://cdn.sofifa.com/teams/9/30.png,10.0,€88K,1845,Right,2.0,4.0,4.0,High/ Medium,Lean (185+),Yes,"<span class=""pos pos28"">SUB",27.0,"Jul 29, 2014",,2024,189cm,90kg,69.0,76.0,74.0,73.0,70.0,76.0,54.0,40.0,59.0,77.0,73.0,84.0,71.0,76.0,64.0,80.0,76.0,70.0,77.0,70.0,69.0,28.0,77.0,69.0,65.0,77.0,24.0,18.0,15.0,13.0,16.0,11.0,15.0,ST,78.0,€19.3M,16.0
225100,J. Gomez,24,https://cdn.sofifa.com/players/225/100/22_60.png,England,https://cdn.sofifa.com/flags/gb-eng.png,82,88,Liverpool,https://cdn.sofifa.com/teams/9/30.png,43.5,€100K,1809,Right,2.0,3.0,3.0,Medium/ Medium,Unique,Yes,"<span class=""pos pos28"">SUB",12.0,"Jun 20, 2015",,2024,188cm,77kg,69.0,26.0,74.0,78.0,24.0,67.0,41.0,29.0,65.0,73.0,75.0,85.0,63.0,82.0,65.0,41.0,76.0,67.0,83.0,26.0,81.0,84.0,51.0,60.0,26.0,74.0,84.0,82.0,8.0,13.0,14.0,7.0,7.0,CB,83.0,€89.2M,83.0
235024,S. Díaz,22,https://cdn.sofifa.com/players/235/024/22_60.png,Paraguay,https://cdn.sofifa.com/flags/py.png,69,78,Real Madrid CF,https://cdn.sofifa.com/teams/243/30.png,3.1,€44K,1761,Right,1.0,4.0,3.0,High/ Medium,Normal (170-),No,"<span class=""pos pos29"">RES",36.0,"Jul 1, 2016",,2022,170cm,68kg,52.0,69.0,53.0,66.0,64.0,75.0,70.0,70.0,58.0,76.0,75.0,74.0,83.0,68.0,81.0,67.0,49.0,66.0,69.0,68.0,33.0,22.0,70.0,55.0,60.0,65.0,32.0,33.0,13.0,6.0,10.0,11.0,14.0,CAM,71.0,€7M,49.0
259679,J. Braaf,18,https://cdn.sofifa.com/players/259/679/22_60.png,Netherlands,https://cdn.sofifa.com/flags/nl.png,64,84,Manchester City,https://cdn.sofifa.com/teams/10/30.png,1.6,€9K,1736,Right,1.0,4.0,4.0,High/ Medium,Normal (170-185),No,"<span class=""pos pos29"">RES",51.0,"Aug 31, 2018",,2023,179cm,68kg,59.0,58.0,50.0,58.0,56.0,63.0,60.0,58.0,51.0,63.0,82.0,84.0,82.0,63.0,86.0,69.0,65.0,69.0,63.0,58.0,59.0,40.0,61.0,56.0,53.0,59.0,37.0,32.0,8.0,11.0,13.0,14.0,12.0,RM,65.0,€4.6M,43.0
233051,L. Bolton,21,https://cdn.sofifa.com/players/233/051/22_60.png,England,https://cdn.sofifa.com/flags/gb-eng.png,64,71,Manchester City,https://cdn.sofifa.com/teams/10/30.png,1.1,€14K,1730,Right,1.0,3.0,3.0,High/ Medium,Normal (170-185),Yes,"<span class=""pos pos29"">RES",74.0,"Oct 7, 2016",,2022,176cm,72kg,65.0,52.0,52.0,63.0,32.0,64.0,61.0,39.0,52.0,63.0,82.0,80.0,75.0,56.0,72.0,56.0,84.0,60.0,61.0,46.0,65.0,59.0,58.0,58.0,56.0,52.0,63.0,53.0,12.0,6.0,9.0,11.0,6.0,RM,65.0,€2.3M,59.0
225161,Vallejo,24,https://cdn.sofifa.com/players/225/161/22_60.png,Spain,https://cdn.sofifa.com/flags/es.png,75,79,Real Madrid CF,https://cdn.sofifa.com/teams/243/30.png,7.0,€82K,1718,Right,1.0,3.0,2.0,Low/ High,Lean (170-185),Yes,"<span class=""pos pos29"">RES",5.0,"Jul 31, 2015",,2024,184cm,79kg,41.0,44.0,74.0,71.0,36.0,57.0,29.0,31.0,72.0,69.0,66.0,70.0,68.0,77.0,66.0,49.0,77.0,48.0,72.0,31.0,81.0,77.0,34.0,49.0,45.0,75.0,75.0,74.0,10.0,13.0,15.0,13.0,6.0,CB,77.0,€14.9M,78.0
195086,20 D. Lovren,29,https://cdn.sofifa.com/players/195/086/20_60.png,Croatia,https://cdn.sofifa.com/flags/hr.png,80,80,Liverpool,https://cdn.sofifa.com/teams/9/30.png,12.5,€90K,1714,Right,2.0,4.0,2.0,Medium/ High,Normal (185+),Yes,"<span class=""pos pos28"">SUB",6.0,"Jul 27, 2014",,2021,188cm,84kg,59.0,33.0,80.0,68.0,42.0,63.0,26.0,18.0,66.0,67.0,52.0,54.0,50.0,75.0,41.0,63.0,81.0,64.0,82.0,34.0,86.0,81.0,21.0,56.0,52.0,69.0,82.0,84.0,14.0,14.0,13.0,10.0,7.0,CB,80.0,€23.1M,76.0
237678,I. Konaté,22,https://cdn.sofifa.com/players/237/678/22_60.png,France,https://cdn.sofifa.com/flags/fr.png,78,86,Liverpool,https://cdn.sofifa.com/teams/9/30.png,29.5,€73K,1705,Right,2.0,2.0,3.0,Medium/ High,Normal (185+),Yes,"<span class=""pos pos28"">SUB",5.0,"Jul 1, 2021",,2026,194cm,95kg,38.0,29.0,77.0,75.0,28.0,67.0,32.0,27.0,69.0,69.0,67.0,75.0,60.0,71.0,54.0,45.0,74.0,61.0,83.0,31.0,77.0,78.0,37.0,51.0,41.0,74.0,85.0,79.0,9.0,7.0,9.0,9.0,15.0,CB,80.0,€60.5M,76.0
246174,H. Elliott,18,https://cdn.sofifa.com/players/246/174/22_60.png,England,https://cdn.sofifa.com/flags/gb-eng.png,73,87,Liverpool,https://cdn.sofifa.com/teams/9/30.png,7.0,€29K,1687,Left,1.0,4.0,4.0,Medium/ Medium,Lean (170-),No,"<span class=""pos pos28"">SUB",67.0,"Jul 28, 2019",,2025,170cm,64kg,72.0,64.0,40.0,73.0,48.0,77.0,56.0,57.0,68.0,77.0,82.0,77.0,87.0,69.0,86.0,60.0,40.0,66.0,33.0,62.0,32.0,30.0,67.0,76.0,59.0,70.0,29.0,21.0,10.0,10.0,6.0,14.0,7.0,CAM,75.0,€17.3M,32.0
257534,C. Palmer,19,https://cdn.sofifa.com/players/257/534/22_60.png,England,https://cdn.sofifa.com/flags/gb-eng.png,64,84,Manchester City,https://cdn.sofifa.com/teams/10/30.png,1.6,€14K,1672,Left,1.0,3.0,4.0,Medium/ Medium,Lean (185+),Yes,"<span class=""pos pos28"">SUB",80.0,"Jul 1, 2018",,2026,189cm,74kg,58.0,58.0,41.0,62.0,51.0,68.0,62.0,55.0,60.0,67.0,76.0,78.0,75.0,56.0,71.0,65.0,56.0,55.0,54.0,55.0,50.0,40.0,57.0,60.0,50.0,63.0,47.0,46.0,7.0,6.0,10.0,14.0,14.0,CAM,65.0,€4.6M,48.0
243057,N. Williams,20,https://cdn.sofifa.com/players/243/057/22_60.png,Wales,https://cdn.sofifa.com/flags/gb-wls.png,68,82,Liverpool,https://cdn.sofifa.com/teams/9/30.png,2.8,€21K,1671,Right,1.0,3.0,2.0,Medium/ Medium,Lean (170-185),Yes,"<span class=""pos pos29"">RES",76.0,"Apr 13, 2018",,2025,183cm,72kg,69.0,35.0,50.0,67.0,36.0,66.0,52.0,39.0,61.0,67.0,76.0,73.0,73.0,66.0,78.0,42.0,61.0,64.0,56.0,29.0,61.0,64.0,42.0,48.0,45.0,64.0,66.0,63.0,10.0,11.0,7.0,14.0,15.0,RWB,69.0,€6.9M,65.0
210257,Ederson,27,https://cdn.sofifa.com/players/210/257/22_60.png,Brazil,https://cdn.sofifa.com/flags/br.png,89,91,Manchester City,https://cdn.sofifa.com/teams/10/30.png,94.0,€200K,1583,Left,3.0,3.0,1.0,Medium/ Medium,Unique,Yes,"<span class=""pos pos0"">GK",31.0,"Jul 1, 2017",,2026,188cm,86kg,20.0,14.0,14.0,61.0,18.0,23.0,15.0,20.0,66.0,40.0,64.0,63.0,60.0,88.0,48.0,70.0,66.0,41.0,78.0,18.0,38.0,27.0,20.0,70.0,51.0,70.0,15.0,8.0,87.0,82.0,93.0,88.0,88.0,GK,89.0,€181M,29.0
262053,Kayky,18,https://cdn.sofifa.com/players/262/053/22_60.png,Brazil,https://cdn.sofifa.com/flags/br.png,66,87,Manchester City,https://cdn.sofifa.com/teams/10/30.png,2.7,€12K,1567,Left,1.0,3.0,3.0,Medium/ Low,Lean (170-185),No,"<span class=""pos pos29"">RES",82.0,"Aug 26, 2021",,2025,173cm,67kg,57.0,64.0,38.0,60.0,50.0,73.0,45.0,39.0,55.0,71.0,83.0,82.0,84.0,49.0,76.0,62.0,46.0,60.0,43.0,40.0,31.0,22.0,61.0,63.0,64.0,58.0,30.0,31.0,14.0,14.0,13.0,14.0,9.0,LM,68.0,€7.7M,24.0
263620,R. Lavia,17,https://cdn.sofifa.com/players/263/620/22_60.png,Belgium,https://cdn.sofifa.com/flags/be.png,62,85,Manchester City,https://cdn.sofifa.com/teams/10/30.png,1.2,€700,1565,Right,1.0,3.0,2.0,Medium/ High,Normal (170-185),No,"<span class=""pos pos29"">RES",90.0,"Jan 1, 2021",,2023,181cm,75kg,40.0,36.0,58.0,60.0,36.0,55.0,45.0,50.0,59.0,66.0,56.0,60.0,55.0,63.0,63.0,55.0,59.0,54.0,58.0,36.0,66.0,58.0,40.0,49.0,51.0,44.0,66.0,68.0,7.0,7.0,5.0,11.0,13.0,CB,64.0,€3.4M,60.0
259031,L. Delap,18,https://cdn.sofifa.com/players/259/031/22_60.png,England,https://cdn.sofifa.com/flags/gb-eng.png,64,85,Manchester City,https://cdn.sofifa.com/teams/10/30.png,1.9,€9K,1558,Right,1.0,4.0,2.0,High/ Medium,Normal (185+),Yes,"<span class=""pos pos28"">SUB",48.0,"Jul 1, 2020",,2026,186cm,72kg,42.0,67.0,66.0,50.0,62.0,60.0,55.0,37.0,43.0,62.0,74.0,78.0,72.0,56.0,62.0,69.0,60.0,60.0,70.0,57.0,64.0,17.0,60.0,52.0,60.0,53.0,21.0,15.0,8.0,9.0,10.0,11.0,10.0,ST,66.0,€5.4M,19.0
240926,N. Phillips,24,https://cdn.sofifa.com/players/240/926/22_60.png,England,https://cdn.sofifa.com/flags/gb-eng.png,73,79,Liverpool,https://cdn.sofifa.com/teams/9/30.png,4.4,€52K,1544,Right,1.0,2.0,2.0,Low/ Medium,Normal (185+),Yes,"<span class=""pos pos28"">SUB",47.0,"Aug 1, 2017",,2025,190cm,84kg,30.0,23.0,78.0,66.0,30.0,48.0,29.0,35.0,58.0,52.0,51.0,54.0,44.0,69.0,55.0,49.0,78.0,69.0,82.0,21.0,80.0,69.0,28.0,39.0,45.0,62.0,75.0,70.0,9.0,6.0,6.0,12.0,10.0,CB,75.0,€9M,74.0
261865,Miguel,19,https://cdn.sofifa.com/players/261/865/22_60.png,Spain,https://cdn.sofifa.com/flags/es.png,66,81,Real Madrid CF,https://cdn.sofifa.com/teams/243/30.png,1.9,€15K,1539,Left,1.0,3.0,3.0,High/ Medium,Lean (170-185),No,"<span class=""pos pos29"">RES",35.0,"Jul 1, 2019",,2024,180cm,73kg,59.0,43.0,59.0,58.0,31.0,55.0,35.0,38.0,35.0,60.0,72.0,70.0,66.0,66.0,68.0,48.0,57.0,66.0,58.0,24.0,46.0,64.0,48.0,30.0,40.0,48.0,67.0,66.0,14.0,10.0,8.0,6.0,10.0,LB,66.0,€5.1M,62.0
258185,Luis Carbonell,18,https://cdn.sofifa.com/players/258/185/22_60.png,Spain,https://cdn.sofifa.com/flags/es.png,63,81,Real Madrid CF,https://cdn.sofifa.com/teams/243/30.png,1.2,€1K,1539,Right,1.0,3.0,3.0,Medium/ Medium,Normal (170-),No,"<span class=""pos pos29"">RES",29.0,,"<a href=""/team/244/real-zaragoza/"">Real Zaragoza</a>","Jun 30, 2022",169cm,67kg,40.0,66.0,56.0,57.0,60.0,73.0,61.0,45.0,44.0,68.0,75.0,74.0,61.0,62.0,80.0,69.0,58.0,53.0,40.0,57.0,35.0,17.0,59.0,55.0,72.0,52.0,13.0,12.0,15.0,13.0,10.0,11.0,12.0,ST,65.0,,16.0
258922,Marvin,21,https://cdn.sofifa.com/players/258/922/22_60.png,Spain,https://cdn.sofifa.com/flags/es.png,67,79,Real Madrid CF,https://cdn.sofifa.com/teams/243/30.png,2.5,€30K,1513,Right,1.0,4.0,4.0,High/ Low,Normal (170-185),No,"<span class=""pos pos29"">RES",28.0,"Jul 1, 2019",,2022,178cm,63kg,68.0,66.0,42.0,61.0,40.0,70.0,44.0,42.0,46.0,69.0,79.0,83.0,70.0,52.0,69.0,56.0,51.0,50.0,53.0,57.0,30.0,14.0,62.0,66.0,59.0,59.0,21.0,22.0,13.0,6.0,13.0,12.0,15.0,RW,67.0,€5.6M,12.0
258923,Arribas,19,https://cdn.sofifa.com/players/258/923/22_60.png,Spain,https://cdn.sofifa.com/flags/es.png,65,81,Real Madrid CF,https://cdn.sofifa.com/teams/243/30.png,1.8,€16K,1503,Left,1.0,3.0,3.0,Medium/ Medium,Normal (170-185),No,"<span class=""pos pos29"">RES",30.0,"Sep 20, 2020",,2022,173cm,66kg,37.0,60.0,36.0,66.0,37.0,74.0,49.0,35.0,64.0,72.0,69.0,67.0,68.0,65.0,68.0,47.0,58.0,55.0,51.0,52.0,44.0,21.0,54.0,58.0,40.0,63.0,36.0,41.0,9.0,7.0,5.0,11.0,14.0,CAM,67.0,€4.8M,33.0
263953,S. Edozie,18,https://cdn.sofifa.com/players/263/953/22_60.png,England,https://cdn.sofifa.com/flags/gb-eng.png,62,82,Manchester City,https://cdn.sofifa.com/teams/10/30.png,1.1,€7K,1491,Right,1.0,2.0,3.0,Medium/ Medium,Lean (170-),No,"<span class=""pos pos28"">SUB",53.0,"Aug 7, 2021",,2023,167cm,71kg,61.0,55.0,37.0,56.0,47.0,67.0,52.0,42.0,50.0,65.0,84.0,67.0,63.0,51.0,68.0,59.0,48.0,48.0,50.0,50.0,38.0,23.0,56.0,55.0,60.0,57.0,31.0,36.0,13.0,11.0,10.0,7.0,9.0,RM,63.0,€3.1M,22.0
261621,L. Mbete,17,https://cdn.sofifa.com/players/261/621/22_60.png,England,https://cdn.sofifa.com/flags/gb-eng.png,62,82,Manchester City,https://cdn.sofifa.com/teams/10/30.png,1.0,€700,1490,Left,1.0,3.0,2.0,Medium/ High,Normal (185+),No,"<span class=""pos pos29"">RES",79.0,"Jul 1, 2020",,2022,185cm,78kg,36.0,27.0,61.0,60.0,29.0,56.0,39.0,28.0,55.0,59.0,62.0,67.0,58.0,58.0,56.0,49.0,68.0,67.0,66.0,24.0,66.0,59.0,30.0,38.0,43.0,57.0,64.0,58.0,6.0,14.0,10.0,9.0,7.0,CB,64.0,€2.9M,61.0
259419,T. Nakai,17,https://cdn.sofifa.com/players/259/419/22_60.png,Japan,https://cdn.sofifa.com/flags/jp.png,61,83,Real Madrid CF,https://cdn.sofifa.com/teams/243/30.png,1.0,€2K,1462,Right,1.0,4.0,4.0,Medium/ Medium,Lean (170-185),No,"<span class=""pos pos29"">RES",31.0,"Jul 1, 2020",,2022,178cm,68kg,42.0,50.0,43.0,66.0,48.0,65.0,50.0,52.0,64.0,67.0,53.0,62.0,53.0,53.0,66.0,53.0,57.0,46.0,50.0,48.0,37.0,22.0,50.0,70.0,48.0,61.0,32.0,38.0,9.0,10.0,10.0,6.0,11.0,CAM,63.0,€3.1M,31.0
212831,Alisson,28,https://cdn.sofifa.com/players/212/831/22_60.png,Brazil,https://cdn.sofifa.com/flags/br.png,89,90,Liverpool,https://cdn.sofifa.com/teams/9/30.png,82.0,€190K,1393,Right,3.0,3.0,1.0,Medium/ Medium,Unique,Yes,"<span class=""pos pos0"">GK",1.0,"Jul 19, 2018",,2027,191cm,91kg,17.0,13.0,29.0,45.0,20.0,27.0,19.0,18.0,44.0,30.0,56.0,47.0,40.0,87.0,37.0,63.0,52.0,32.0,78.0,14.0,27.0,11.0,13.0,66.0,23.0,65.0,19.0,16.0,86.0,86.0,84.0,90.0,89.0,GK,89.0,€157.9M,15.0
192119,T. Courtois,29,https://cdn.sofifa.com/players/192/119/22_60.png,Belgium,https://cdn.sofifa.com/flags/be.png,89,91,Real Madrid CF,https://cdn.sofifa.com/teams/243/30.png,85.5,€250K,1327,Left,4.0,3.0,1.0,Medium/ Medium,Unique,Yes,"<span class=""pos pos0"">GK",1.0,"Aug 9, 2018",,2026,199cm,96kg,14.0,14.0,13.0,33.0,12.0,13.0,19.0,20.0,35.0,23.0,42.0,52.0,62.0,84.0,45.0,56.0,68.0,38.0,70.0,17.0,23.0,15.0,13.0,44.0,27.0,66.0,18.0,16.0,84.0,89.0,74.0,86.0,88.0,GK,89.0,€181.7M,20.0
234777,Z. Steffen,26,https://cdn.sofifa.com/players/234/777/22_60.png,United States,https://cdn.sofifa.com/flags/us.png,77,82,Manchester City,https://cdn.sofifa.com/teams/10/30.png,12.0,€73K,1321,Right,1.0,3.0,1.0,Medium/ Medium,Stocky (185+),Yes,"<span class=""pos pos28"">SUB",13.0,"Jul 1, 2019",,2022,191cm,86kg,14.0,9.0,13.0,52.0,8.0,15.0,13.0,11.0,52.0,31.0,54.0,52.0,58.0,72.0,49.0,56.0,71.0,39.0,69.0,12.0,31.0,19.0,9.0,58.0,37.0,56.0,12.0,12.0,78.0,73.0,74.0,72.0,83.0,GK,77.0,€23.1M,13.0
203775,L. Karius,28,https://cdn.sofifa.com/players/203/775/22_60.png,Germany,https://cdn.sofifa.com/flags/de.png,75,76,Liverpool,https://cdn.sofifa.com/teams/9/30.png,4.5,€61K,1243,Right,2.0,3.0,1.0,Medium/ Medium,Normal (185+),Yes,"<span class=""pos pos29"">RES",22.0,"Jul 1, 2016",,2022,189cm,87kg,14.0,18.0,14.0,38.0,14.0,16.0,12.0,14.0,41.0,23.0,55.0,54.0,51.0,72.0,43.0,56.0,74.0,36.0,64.0,16.0,21.0,13.0,8.0,50.0,19.0,60.0,11.0,13.0,80.0,68.0,75.0,72.0,79.0,GK,75.0,€8.7M,9.0
243952,A. Lunin,22,https://cdn.sofifa.com/players/243/952/22_60.png,Ukraine,https://cdn.sofifa.com/flags/ua.png,74,85,Real Madrid CF,https://cdn.sofifa.com/teams/243/30.png,8.0,€59K,1114,Right,1.0,3.0,1.0,Medium/ Medium,Lean (185+),No,"<span class=""pos pos28"">SUB",13.0,"Jul 2, 2018",,2024,192cm,87kg,15.0,8.0,12.0,25.0,12.0,11.0,14.0,15.0,26.0,15.0,39.0,35.0,36.0,74.0,25.0,55.0,56.0,32.0,61.0,7.0,22.0,19.0,11.0,60.0,19.0,56.0,13.0,11.0,71.0,70.0,73.0,74.0,76.0,GK,74.0,€18M,22.0
240913,C. Kelleher,22,https://cdn.sofifa.com/players/240/913/22_60.png,Republic of Ireland,https://cdn.sofifa.com/flags/ie.png,67,79,Liverpool,https://cdn.sofifa.com/teams/9/30.png,2.2,€17K,1042,Right,1.0,3.0,1.0,Medium/ Medium,Lean (185+),Yes,"<span class=""pos pos28"">SUB",62.0,"Jul 1, 2017",,2022,188cm,74kg,13.0,6.0,13.0,32.0,9.0,10.0,12.0,11.0,36.0,14.0,41.0,38.0,42.0,63.0,48.0,50.0,68.0,19.0,54.0,8.0,21.0,12.0,4.0,31.0,14.0,40.0,10.0,14.0,67.0,63.0,67.0,64.0,70.0,GK,67.0,€4.5M,18.0
264170,Luis López,20,https://cdn.sofifa.com/players/264/170/22_60.png,Spain,https://cdn.sofifa.com/flags/es.png,63,76,Real Madrid CF,https://cdn.sofifa.com/teams/243/30.png,1.0,€11K,888,Right,1.0,3.0,1.0,Medium/ Medium,Normal (185+),No,"<span class=""pos pos29"">RES",32.0,"Aug 27, 2020",,2022,190cm,76kg,11.0,7.0,11.0,15.0,7.0,10.0,13.0,12.0,15.0,15.0,31.0,29.0,33.0,60.0,21.0,44.0,55.0,18.0,49.0,8.0,23.0,12.0,4.0,35.0,13.0,30.0,13.0,10.0,66.0,62.0,58.0,58.0,63.0,GK,63.0,€2.7M,7.0
